[
  {
    "name": "Dell Round Rock HQ",
    "country": "US",
    "region": "AMER",
    "lat": 30.5083,
    "lon": -97.6788
  },
  {
    "name": "Dell Austin Parmer",
    "country": "US",
    "region": "AMER",
    "lat": 30.2672,
    "lon": -97.7431
  },
  {
    "name": "Dell Hopkinton",
    "country": "US",
    "region": "AMER",
    "lat": 42.2287,
    "lon": -71.5226
  },
  {
    "name": "Dell Durham",
    "country": "US",
    "region": "AMER",
    "lat": 35.994,
    "lon": -78.8986
  },
  {
    "name": "Dell Santa Clara",
    "country": "US",
    "region": "AMER",
    "lat": 37.3541,
    "lon": -121.9552
  },
  {
    "name": "Dell Nashville Hub",
    "country": "US",
    "region": "AMER",
    "lat": 36.1627,
    "lon": -86.7816
  },
  {
    "name": "Dell Oklahoma City",
    "country": "US",
    "region": "AMER",
    "lat": 35.4676,
    "lon": -97.5164
  },
  {
    "name": "Dell Toronto",
    "country": "CA",
    "region": "AMER",
    "lat": 43.6532,
    "lon": -79.3832
  },
  {
    "name": "Dell Mexico City",
    "country": "MX",
    "region": "AMER",
    "lat": 19.4326,
    "lon": -99.1332
  },
  {
    "name": "Dell Hortolândia",
    "country": "BR",
    "region": "LATAM",
    "lat": -22.8583,
    "lon": -47.2208
  },
  {
    "name": "Dell São Paulo",
    "country": "BR",
    "region": "LATAM",
    "lat": -23.5505,
    "lon": -46.6333
  },
  {
    "name": "Dell Porto Alegre",
    "country": "BR",
    "region": "LATAM",
    "lat": -30.0346,
    "lon": -51.2177
  },
  {
    "name": "Dell Bogotá",
    "country": "CO",
    "region": "LATAM",
    "lat": 4.711,
    "lon": -74.0721
  },
  {
    "name": "Dell Santiago",
    "country": "CL",
    "region": "LATAM",
    "lat": -33.4489,
    "lon": -70.6693
  },
  {
    "name": "Dell Buenos Aires",
    "country": "AR",
    "region": "LATAM",
    "lat": -34.6037,
    "lon": -58.3816
  },
  {
    "name": "Dell Cork Campus",
    "country": "IE",
    "region": "EMEA",
    "lat": 51.8985,
    "lon": -8.4756
  },
  {
    "name": "Dell Limerick",
    "country": "IE",
    "region": "EMEA",
    "lat": 52.6638,
    "lon": -8.6267
  },
  {
    "name": "Dell Dublin",
    "country": "IE",
    "region": "EMEA",
    "lat": 53.3498,
    "lon": -6.2603
  },
  {
    "name": "Dell Bracknell",
    "country": "UK",
    "region": "EMEA",
    "lat": 51.416,
    "lon": -0.754
  },
  {
    "name": "Dell Brentford",
    "country": "UK",
    "region": "EMEA",
    "lat": 51.485,
    "lon": -0.305
  },
  {
    "name": "Dell Glasgow",
    "country": "UK",
    "region": "EMEA",
    "lat": 55.8642,
    "lon": -4.2518
  },
  {
    "name": "Dell Paris / Bezons",
    "country": "FR",
    "region": "EMEA",
    "lat": 48.8566,
    "lon": 2.3522
  },
  {
    "name": "Dell Montpellier",
    "country": "FR",
    "region": "EMEA",
    "lat": 43.6108,
    "lon": 3.8767
  },
  {
    "name": "Dell Frankfurt",
    "country": "DE",
    "region": "EMEA",
    "lat": 50.1109,
    "lon": 8.6821
  },
  {
    "name": "Dell Munich",
    "country": "DE",
    "region": "EMEA",
    "lat": 48.1351,
    "lon": 11.582
  },
  {
    "name": "Dell Amsterdam",
    "country": "NL",
    "region": "EMEA",
    "lat": 52.3676,
    "lon": 4.9041
  },
  {
    "name": "Dell Copenhagen",
    "country": "DK",
    "region": "EMEA",
    "lat": 55.6761,
    "lon": 12.5683
  },
  {
    "name": "Dell Stockholm",
    "country": "SE",
    "region": "EMEA",
    "lat": 59.3293,
    "lon": 18.0686
  },
  {
    "name": "Dell Madrid",
    "country": "ES",
    "region": "EMEA",
    "lat": 40.4168,
    "lon": -3.7038
  },
  {
    "name": "Dell Rome",
    "country": "IT",
    "region": "EMEA",
    "lat": 41.9028,
    "lon": 12.4964
  },
  {
    "name": "Dell Prague",
    "country": "CZ",
    "region": "EMEA",
    "lat": 50.0755,
    "lon": 14.4378
  },
  {
    "name": "Dell Warsaw",
    "country": "PL",
    "region": "EMEA",
    "lat": 52.2297,
    "lon": 21.0122
  },
  {
    "name": "Dell Dubai",
    "country": "AE",
    "region": "EMEA",
    "lat": 25.2048,
    "lon": 55.2708
  },
  {
    "name": "Dell Riyadh",
    "country": "SA",
    "region": "EMEA",
    "lat": 24.7136,
    "lon": 46.6753
  },
  {
    "name": "Dell Johannesburg",
    "country": "ZA",
    "region": "EMEA",
    "lat": -26.2041,
    "lon": 28.0473
  },
  {
    "name": "Dell Bangalore",
    "country": "IN",
    "region": "APJC",
    "lat": 12.9716,
    "lon": 77.5946
  },
  {
    "name": "Dell Hyderabad",
    "country": "IN",
    "region": "APJC",
    "lat": 17.385,
    "lon": 78.4867
  },
  {
    "name": "Dell Gurgaon",
    "country": "IN",
    "region": "APJC",
    "lat": 28.4595,
    "lon": 77.0266
  },
  {
    "name": "Dell Cyberjaya",
    "country": "MY",
    "region": "APJC",
    "lat": 2.9213,
    "lon": 101.6559
  },
  {
    "name": "Dell Penang",
    "country": "MY",
    "region": "APJC",
    "lat": 5.4164,
    "lon": 100.3327
  },
  {
    "name": "Dell Singapore",
    "country": "SG",
    "region": "APJC",
    "lat": 1.3521,
    "lon": 103.8198
  },
  {
    "name": "Dell Xiamen Mfg",
    "country": "CN",
    "region": "APJC",
    "lat": 24.4798,
    "lon": 118.0894
  },
  {
    "name": "Dell Chengdu",
    "country": "CN",
    "region": "APJC",
    "lat": 30.5728,
    "lon": 104.0668
  },
  {
    "name": "Dell Shanghai",
    "country": "CN",
    "region": "APJC",
    "lat": 31.2304,
    "lon": 121.4737
  },
  {
    "name": "Dell Beijing",
    "country": "CN",
    "region": "APJC",
    "lat": 39.9042,
    "lon": 116.4074
  },
  {
    "name": "Dell Hong Kong",
    "country": "HK",
    "region": "APJC",
    "lat": 22.3193,
    "lon": 114.1694
  },
  {
    "name": "Dell Taipei",
    "country": "TW",
    "region": "APJC",
    "lat": 25.033,
    "lon": 121.5654
  },
  {
    "name": "Dell Tokyo",
    "country": "JP",
    "region": "APJC",
    "lat": 35.6762,
    "lon": 139.6503
  },
  {
    "name": "Dell Osaka",
    "country": "JP",
    "region": "APJC",
    "lat": 34.6937,
    "lon": 135.5023
  },
  {
    "name": "Dell Seoul",
    "country": "KR",
    "region": "APJC",
    "lat": 37.5665,
    "lon": 126.978
  },
  {
    "name": "Dell Sydney",
    "country": "AU",
    "region": "APJC",
    "lat": -33.8688,
    "lon": 151.2093
  },
  {
    "name": "Dell Melbourne",
    "country": "AU",
    "region": "APJC",
    "lat": -37.8136,
    "lon": 144.9631
  },
  {
    "name": "Dell Canberra",
    "country": "AU",
    "region": "APJC",
    "lat": -35.2809,
    "lon": 149.13
  },
  {
    "name": "Dell Manila",
    "country": "PH",
    "region": "APJC",
    "lat": 14.5995,
    "lon": 120.9842
  },
  {
    "name": "Dell Bangkok",
    "country": "TH",
    "region": "APJC",
    "lat": 13.7563,
    "lon": 100.5018
  }
]
